TARGET_CLASS,configuration_id,criterion,ctg_min_time_per_job,ctg_schedule,search_budget,p_object_pool,ctg_time_per_class,Size,Length,Total_Time,Random_Seed,LineCoverage,LineCoverageBitString,BranchCoverage,BranchCoverageBitString,ExceptionCoverage,ExceptionCoverageBitString,Explicit_MethodExceptions,Explicit_TypeExceptions,Implicit_MethodExceptions,Implicit_TypeExceptions,WeakMutationScore,WeakMutationCoverageBitString,OutputCoverage,OutputCoverageBitString,MethodCoverage,MethodCoverageBitString,MethodNoExceptionCoverage,MethodNoExceptionCoverageBitString,CBranchCoverage,CBranchCoverageBitString
org.reflections.vfs.Vfs,default,LINE;BRANCH;EXCEPTION;WEAKMUTATION;OUTPUT;METHOD;METHODNOEXCEPTION;CBRANCH,1,BUDGET,94,0.3,2,34,124,111912,1668233415012,0.9295774647887324,01111111111111111111111111011111111110111111111100111111111111111111111,0.7590361445783133,01111111110111011010100110111111101111011101111101011101110010111011011110111111111,1.0,11111111,3,1,5,1,0.7125,11111111111111100000001111110101101010101110111101111011111111110111011111000001,0.5625,101010101010011001011101001001001111111100100111,1.0,11111111111111111,1.0,11111111111111111,0.7590361445783133,10110110111101011111011101011111101110111101111011011101110011110011011011111111111
