TARGET_CLASS,configuration_id,criterion,ctg_min_time_per_job,ctg_schedule,search_budget,p_object_pool,ctg_time_per_class,Size,Length,Total_Time,Random_Seed,LineCoverage,LineCoverageBitString,BranchCoverage,BranchCoverageBitString,ExceptionCoverage,ExceptionCoverageBitString,Explicit_MethodExceptions,Explicit_TypeExceptions,Implicit_MethodExceptions,Implicit_TypeExceptions,WeakMutationScore,WeakMutationCoverageBitString,OutputCoverage,OutputCoverageBitString,MethodCoverage,MethodCoverageBitString,MethodNoExceptionCoverage,MethodNoExceptionCoverageBitString,CBranchCoverage,CBranchCoverageBitString
com.thealgorithms.conversions.RgbHsvConversion,default,LINE;BRANCH;EXCEPTION;WEAKMUTATION;OUTPUT;METHOD;METHODNOEXCEPTION;CBRANCH,1,BUDGET,248,0.3,2,22,23,257173,1665803292764,1.0,1111111111111111111111111111111111111111111111111111111111111111111111111111111111111111111111111,0.6506849315068494,11011001100110011001100110011001100110011001100110011001100110011001100110011001101111111111111111111111111111111101010101010101110111011101110111,1.0,11,2,1,0,0,0.9658753709198813,11111111111111111111111111111111111111111111111111111111111111111111111111111111111111111111111111111111111111111111111111111111111111111111111111111111111111111111111111111111111111111111111111111111111111111111111111111111111111111111111111111111111111111111111111111111111111111111111111111111111111111111111111111111111111111111111111111111111111111111111111111111111111111111111111111111111111111111111111111111100101111111111111100101111111111111111111100100011001100111011111101111111111111111111111111111111111111111111111110011111111111111111111111111111111111111111111111100111111111111111111111111111111111111111111111111110011111111111111111111111111111111111111,0.3333333333333333,010010,1.0,1111,1.0,1111,0.6506849315068494,11010110100101001101100110010101100011011000110011100111001100011001100011110000111111111111111111111111111111111110101000011111010111011111101101
