TARGET_CLASS,configuration_id,criterion,ctg_min_time_per_job,ctg_schedule,search_budget,p_object_pool,ctg_time_per_class,Size,Length,Total_Time,Random_Seed,LineCoverage,LineCoverageBitString,BranchCoverage,BranchCoverageBitString,ExceptionCoverage,ExceptionCoverageBitString,Explicit_MethodExceptions,Explicit_TypeExceptions,Implicit_MethodExceptions,Implicit_TypeExceptions,WeakMutationScore,WeakMutationCoverageBitString,OutputCoverage,OutputCoverageBitString,MethodCoverage,MethodCoverageBitString,MethodNoExceptionCoverage,MethodNoExceptionCoverageBitString,CBranchCoverage,CBranchCoverageBitString
org.spdx.compare.ExternalReferencesSheet,default,LINE;BRANCH;EXCEPTION;WEAKMUTATION;OUTPUT;METHOD;METHODNOEXCEPTION;CBRANCH,1,BUDGET,47,0.3,2,9,27,66106,1668246859765,0.3373493975903614,11100001101111111111111111111100000001000000000000000000000000000000011000000000000,0.13157894736842105,11000000101100000000000000000000000000,0.8888888888888888,111111101,3,3,5,3,0.2990353697749196,00000000000000000000000000000000000111111111111000000000001111111111111111111111111111111111111111111111110111111111111111111111111111111111000000000000000000000000000000000000000000000000000000000000000000000000000000000000000000000000000000000000000000000000000000000000000000000000000000000000000000000000000,0.3333333333333333,001,0.8,11110,0.6,11010,0.13157894736842105,11000000101100000000000000000000000000
