TARGET_CLASS,configuration_id,criterion,ctg_min_time_per_job,ctg_schedule,search_budget,p_object_pool,ctg_time_per_class,Size,Length,Total_Time,Random_Seed,LineCoverage,LineCoverageBitString,BranchCoverage,BranchCoverageBitString,ExceptionCoverage,ExceptionCoverageBitString,Explicit_MethodExceptions,Explicit_TypeExceptions,Implicit_MethodExceptions,Implicit_TypeExceptions,WeakMutationScore,WeakMutationCoverageBitString,OutputCoverage,OutputCoverageBitString,MethodCoverage,MethodCoverageBitString,MethodNoExceptionCoverage,MethodNoExceptionCoverageBitString,CBranchCoverage,CBranchCoverageBitString
org.java_websocket.drafts.Draft,default,LINE;BRANCH;EXCEPTION;WEAKMUTATION;OUTPUT;METHOD;METHODNOEXCEPTION;CBRANCH,1,BUDGET,95,0.3,2,58,224,115994,1668230986976,0.6692913385826772,1111111111111111111111111111111111111111111111111111111111111111111111111111100111111110000000000000000000000000000000000000000,0.6388888888888888,111111111111110101000000000000000000000011011111111101111111111111111111,1.0,111111111111111111111111111,7,2,16,2,0.5444015444015444,1111111111111111111111111111111111111111111111101011111111111100011111111110000000000000000000000000000000000000000000000000000000000000000000000000000000000000000000000000000000000111101111111111110101111111111111111111111111111111111111111111111011110001111,0.1484375,10101101100000010000000000000000000000000000000000000000000000000000000000000101110100000000000000000000000010011100100001100000,1.0,111111111111111111111111111,0.9259259259259259,111111111111111111111111100,0.6111111111111112,110011111111111001000000000000000000000011011111111101111111111111111111
