TARGET_CLASS,configuration_id,criterion,ctg_min_time_per_job,ctg_schedule,search_budget,p_object_pool,ctg_time_per_class,Size,Length,Total_Time,Random_Seed,LineCoverage,LineCoverageBitString,BranchCoverage,BranchCoverageBitString,ExceptionCoverage,ExceptionCoverageBitString,Explicit_MethodExceptions,Explicit_TypeExceptions,Implicit_MethodExceptions,Implicit_TypeExceptions,WeakMutationScore,WeakMutationCoverageBitString,OutputCoverage,OutputCoverageBitString,MethodCoverage,MethodCoverageBitString,MethodNoExceptionCoverage,MethodNoExceptionCoverageBitString,CBranchCoverage,CBranchCoverageBitString
org.spdx.spdxspreadsheet.NonStandardLicensesSheetV1d1,default,LINE;BRANCH;EXCEPTION;WEAKMUTATION;OUTPUT;METHOD;METHODNOEXCEPTION;CBRANCH,1,BUDGET,71,0.3,2,35,171,106836,1668242698284,0.9316239316239316,111111111101111111111111111111111111111111111111111111111011011111111101111110111111011111011111111111111111111011111,0.8734177215189873,1111111011111111101111011111011111111111011111111111111111011101110111010111111,1.0,11111111111,1,1,10,2,0.9131075110456554,1111111111111111111111111111111111101111111111111111111111111111111111111111111111011111110101111111111100111111111111111111111111111111111110101111111111101011111111111010111111111111111111111111101111111111111111111111111111000000000000000001111111111111101111101111111111111111111111101111111111111111111111111111111111111111111110111111111111111111111111110111111111111111111111111111111111111111111111111111111110111111111111111111001000000000000000111111111111111111111111111101111111111111111110111111111111111111110111111111111111111111111111111111111111111111111111111111111111111111111111110101111111111111111111111101111111111111111111111111111111111111111111111111111,0.6666666666666666,011011011011011011,1.0,111111111,1.0,111111111,0.8734177215189873,1111111011111111110110111110111111111110111111111111111110111011110111001111111
