TARGET_CLASS,configuration_id,criterion,ctg_min_time_per_job,ctg_schedule,search_budget,p_object_pool,ctg_time_per_class,Size,Length,Total_Time,Random_Seed,LineCoverage,LineCoverageBitString,BranchCoverage,BranchCoverageBitString,ExceptionCoverage,ExceptionCoverageBitString,Explicit_MethodExceptions,Explicit_TypeExceptions,Implicit_MethodExceptions,Implicit_TypeExceptions,WeakMutationScore,WeakMutationCoverageBitString,OutputCoverage,OutputCoverageBitString,MethodCoverage,MethodCoverageBitString,MethodNoExceptionCoverage,MethodNoExceptionCoverageBitString,CBranchCoverage,CBranchCoverageBitString
org.spdx.spdxspreadsheet.PackageInfoSheetV09d3,default,LINE;BRANCH;EXCEPTION;WEAKMUTATION;OUTPUT;METHOD;METHODNOEXCEPTION;CBRANCH,1,BUDGET,106,0.3,2,17,101,148407,1668239436725,0.4748858447488584,111111111111111111111111111111111111111111001111111111111010010011100100100111111111111111110110111000000000000000000000000000000000000000000000000000001111111101111100100000000000000000000000001111000000000000000000011,0.2896551724137931,1110100000000000000000111101110011000001000000000001000000000001111010111100101011110101010101011100110010100000000000000000000000000000000000000,0.9285714285714286,11111111101111,4,3,8,4,0.5914893617021276,1111000000000000000000000000000000000000000000000000000011111111001111110000000111111101111111001111111100110011111100111111111111111110111111111111111111111111111111111111111111110011111111111011111110011111111101010100000000000000000,0.3333333333333333,100010,1.0,11111,1.0,11111,0.2896551724137931,1110100000000000000001011101110010100000100000000001000000000001111101011100101011110100110101011100110110000000000000000000000000000000000000000
