TARGET_CLASS,configuration_id,criterion,ctg_min_time_per_job,ctg_schedule,search_budget,p_object_pool,ctg_time_per_class,Size,Length,Total_Time,Random_Seed,LineCoverage,LineCoverageBitString,BranchCoverage,BranchCoverageBitString,ExceptionCoverage,ExceptionCoverageBitString,Explicit_MethodExceptions,Explicit_TypeExceptions,Implicit_MethodExceptions,Implicit_TypeExceptions,WeakMutationScore,WeakMutationCoverageBitString,OutputCoverage,OutputCoverageBitString,MethodCoverage,MethodCoverageBitString,MethodNoExceptionCoverage,MethodNoExceptionCoverageBitString,CBranchCoverage,CBranchCoverageBitString
cn.byhieg.algorithmtutorial.Sort,default,LINE;BRANCH;EXCEPTION;WEAKMUTATION;OUTPUT;METHOD;METHODNOEXCEPTION;CBRANCH,1,BUDGET,732,0.3,2,35,115,789893,1670632158827,0.9323308270676691,1111111111111111111111111111111111111111111111111111111111111111111111111111111111111111111111111111111111111111111111111111000000000,0.9493670886075949,1111111111111111111111111111111111111111111111111111111111111111111000011111111,1.0,11111111111111,0,0,14,2,0.9312354312354313,111111111011111111111111111110111111111111111111111111111111111111111111110111111111111111111111111111111111111111111111111111111111111111111111111111111111111111111111111111111111111111111111111111111111111111111111111111111111111111111111111111111011111111111111111111111111111111111111111111111111111111111111111111111111111111111111111111111111111111111111111111111111111111111111111111111111111111111111111111111111111111111111111111111111111111111111111111111111111111111111111111111111111111111111111111111111111111111111111111111111111111111111111111111111111111111111111111111111101111111111111111101111111111111101111111111111111101111111111111111111111111111111111111111110111111111111111111111111000000000000000000000000000000000000000000000000011111111111111111111111111111111111111111110111111111111111111111111111111111111111111111111111111111,0.6666666666666666,011,1.0,111111111111,1.0,111111111111,0.9240506329113924,1111111111111111111111111111111111111111111111111111111111011011111000011111111
