TARGET_CLASS,configuration_id,criterion,ctg_min_time_per_job,ctg_schedule,search_budget,p_object_pool,ctg_time_per_class,Size,Length,Total_Time,Random_Seed,LineCoverage,LineCoverageBitString,BranchCoverage,BranchCoverageBitString,ExceptionCoverage,ExceptionCoverageBitString,Explicit_MethodExceptions,Explicit_TypeExceptions,Implicit_MethodExceptions,Implicit_TypeExceptions,WeakMutationScore,WeakMutationCoverageBitString,OutputCoverage,OutputCoverageBitString,MethodCoverage,MethodCoverageBitString,MethodNoExceptionCoverage,MethodNoExceptionCoverageBitString,CBranchCoverage,CBranchCoverageBitString
com.corundumstudio.socketio.protocol.PacketDecoder,default,LINE;BRANCH;EXCEPTION;WEAKMUTATION;OUTPUT;METHOD;METHODNOEXCEPTION;CBRANCH,1,BUDGET,278,0.3,2,17,136,340905,1668222765251,0.4642857142857143,111111110111111111111111111111100000011110111100000000000000000000000000000000000000000001111100010110000111100111100000000000000000000000111111111000011111101101111111,0.4205607476635514,11111111110001110001111110110110101101111010000000000000000000000000000000000000011011110001000011011101010,1.0,1111111111,4,4,5,4,0.43033509700176364,111111111111111111111111110010000000000000000000000000000000000000000000000000000000000000000000000000001111111111111111111111111111111111111110111111111111111011000000011111111110111111111111111111111111111111111001111111111111111111111111111111111110011100000000000000000000000000000000000000111111111111111111001111111011111111111111111010000000000000000000000000000000000000000000000000000000000000000000000000000000000000000000000000000000000000000000000000000000000000000000000000000000000000000000000000000000011110101111111111111111111010000011111111101000001,0.4444444444444444,101001010,1.0,111,1.0,111,0.4205607476635514,11111111110001100101111111010110101101111010000000000000000000000000000000000000011011100100001100111100101
