TARGET_CLASS,configuration_id,criterion,ctg_min_time_per_job,ctg_schedule,search_budget,p_object_pool,ctg_time_per_class,Size,Length,Total_Time,Random_Seed,LineCoverage,LineCoverageBitString,BranchCoverage,BranchCoverageBitString,ExceptionCoverage,ExceptionCoverageBitString,Explicit_MethodExceptions,Explicit_TypeExceptions,Implicit_MethodExceptions,Implicit_TypeExceptions,WeakMutationScore,WeakMutationCoverageBitString,OutputCoverage,OutputCoverageBitString,MethodCoverage,MethodCoverageBitString,MethodNoExceptionCoverage,MethodNoExceptionCoverageBitString,CBranchCoverage,CBranchCoverageBitString
com.thealgorithms.datastructures.hashmap.hashing.HashMapLinearProbing,default,LINE;BRANCH;EXCEPTION;WEAKMUTATION;OUTPUT;METHOD;METHODNOEXCEPTION;CBRANCH,1,BUDGET,102,0.3,2,32,373,157290,1665806650266,0.9878048780487805,1111111111111111111111111111111111111111111111111111111111111111101111111111111111,0.98,11111101111111111111111111111111111111111111111111,1.0,111111111,0,0,9,3,0.9696132596685083,11111111111111111111111111111111111111111111111111001111111111111111111111111111111111111111110111111111111111111111101111111111111111111111111111111111111111110111111111111111111011111111111111111111111111111111111111111110111111111111111111111111111111111011111111111111111111111111111111111111111111111111111111011111111111111101111111111111111111111011111111,0.9,1110111111,1.0,111111111,1.0,111111111,0.98,11111110111111111111111111111111111111111111111111
