TARGET_CLASS,configuration_id,criterion,ctg_min_time_per_job,ctg_schedule,search_budget,p_object_pool,ctg_time_per_class,Size,Length,Total_Time,Random_Seed,LineCoverage,LineCoverageBitString,BranchCoverage,BranchCoverageBitString,ExceptionCoverage,ExceptionCoverageBitString,Explicit_MethodExceptions,Explicit_TypeExceptions,Implicit_MethodExceptions,Implicit_TypeExceptions,WeakMutationScore,WeakMutationCoverageBitString,OutputCoverage,OutputCoverageBitString,MethodCoverage,MethodCoverageBitString,MethodNoExceptionCoverage,MethodNoExceptionCoverageBitString,CBranchCoverage,CBranchCoverageBitString
org.spdx.rdfparser.model.SpdxFile,default,LINE;BRANCH;EXCEPTION;WEAKMUTATION;OUTPUT;METHOD;METHODNOEXCEPTION;CBRANCH,1,BUDGET,116,0.3,2,73,392,166017,1668238346685,0.6678200692041523,1111111111111111111101111100011111110111111111111100011110011100111011111011111011111111111111111111111111000000000000000000100000011000000111110110000000000000000110000111111111100010000001111101100111110111111111110111111111111111111011111111111111110000000000111111011111111111110000111,0.5185185185185185,111111111111111111111111111111110000010000000000000000101011000000000111000111010000000111000111000100000001010000000000000000010111111110101011101101110111011111101011101101111110111011000,1.0,11111111111,0,0,11,2,0.5732899022801303,11111111111111100000000000000011100100000000000000000000000000000000000000000000000000000000011111100111111111111101000000000000000000000000000000000000000000000000000000000000111111110111111011111111111111111111111111110000000111111111111111111100000000000111111111111111110000111111111111000011111111111111101000000000001101111000000000000000000000000000000000000000000000000000000000000000110111111111111111111111111111111111111111111111111011111111111111101111111111111110111111111111111111011111111111111111111111111110111111111111011111101111111010000000111111011111111111111111111101011101111101111111111111,0.4148936170212766,0100101101101101111011000000000000000000110110011100111101100110010010101110011000000000100100,0.9777777777777777,111111111111110111111111111111111111111111111,0.8888888888888888,110111111111100111111111111011011111111111111,0.4973544973544973,111111101111111111111110111101101000010000000000000001001010100000000111000111001000000110001110001001000001000100000000000000010101111110110101110011110110111111101101111001111110111100100
