TARGET_CLASS,configuration_id,criterion,ctg_min_time_per_job,ctg_schedule,search_budget,p_object_pool,ctg_time_per_class,Size,Length,Total_Time,Random_Seed,LineCoverage,LineCoverageBitString,BranchCoverage,BranchCoverageBitString,ExceptionCoverage,ExceptionCoverageBitString,Explicit_MethodExceptions,Explicit_TypeExceptions,Implicit_MethodExceptions,Implicit_TypeExceptions,WeakMutationScore,WeakMutationCoverageBitString,OutputCoverage,OutputCoverageBitString,MethodCoverage,MethodCoverageBitString,MethodNoExceptionCoverage,MethodNoExceptionCoverageBitString,CBranchCoverage,CBranchCoverageBitString
cn.byhieg.algorithmtutorial.RedBlackTree,default,LINE;BRANCH;EXCEPTION;WEAKMUTATION;OUTPUT;METHOD;METHODNOEXCEPTION;CBRANCH,1,BUDGET,357,0.3,2,31,359,509523,1670632951459,0.7967479674796748,111111111111111111111110000000011111111000011111111111111111111111111111111111111110000000000000111111111111111111111111111,0.8208955223880597,1111111111111111111111111111111111111110101001111100000001111110111,1.0,11111,1,1,4,2,0.696875,11111111111111110111111111111111111101111111111110110111111111111111111111111111111111111111111111111111111110111011101101111011110110111101110110000000000000000000000000000000000000001011111111111111101111011000000000000000000000000000000000000000000111111111111111111111111111111111111111111111111111111111111111111111,1.0,11111111,1.0,11111111111111111111,1.0,11111111111111111111,0.8208955223880597,1111111111111111111111111111111111111110011001111100000001111110111
