TARGET_CLASS,configuration_id,criterion,ctg_min_time_per_job,ctg_schedule,search_budget,p_object_pool,ctg_time_per_class,Size,Length,Total_Time,Random_Seed,LineCoverage,LineCoverageBitString,BranchCoverage,BranchCoverageBitString,ExceptionCoverage,ExceptionCoverageBitString,Explicit_MethodExceptions,Explicit_TypeExceptions,Implicit_MethodExceptions,Implicit_TypeExceptions,WeakMutationScore,WeakMutationCoverageBitString,OutputCoverage,OutputCoverageBitString,MethodCoverage,MethodCoverageBitString,MethodNoExceptionCoverage,MethodNoExceptionCoverageBitString,CBranchCoverage,CBranchCoverageBitString
com.thealgorithms.dynamicprogramming.LongestIncreasingSubsequence,default,LINE;BRANCH;EXCEPTION;WEAKMUTATION;OUTPUT;METHOD;METHODNOEXCEPTION;CBRANCH,1,BUDGET,72,0.3,2,9,30,86374,1665810469740,0.8679245283018868,11111111101011111111111111111111111111111111111000001,0.8148148148148148,111100011111010111111111111,1.0,11111,0,0,5,4,0.7964824120603015,11111111111111011111111111111111111010000000000000000000000000000000000000000000001111111111011111111111111111111110111111111101000000000111111111111110110100000000000000011111111111101111111111111111111111111111111111111110111111111111111111111111111111111111111111111111111111111111111111111111101111111101111111111111111111111111111101111111111111111111111111111111111111111111111111111111111111,0.3333333333333333,010,1.0,111,1.0,111,0.8148148148148148,111010011111001111111111111
