TARGET_CLASS,configuration_id,criterion,ctg_min_time_per_job,ctg_schedule,search_budget,p_object_pool,ctg_time_per_class,Size,Length,Total_Time,Random_Seed,LineCoverage,LineCoverageBitString,BranchCoverage,BranchCoverageBitString,ExceptionCoverage,ExceptionCoverageBitString,Explicit_MethodExceptions,Explicit_TypeExceptions,Implicit_MethodExceptions,Implicit_TypeExceptions,WeakMutationScore,WeakMutationCoverageBitString,OutputCoverage,OutputCoverageBitString,MethodCoverage,MethodCoverageBitString,MethodNoExceptionCoverage,MethodNoExceptionCoverageBitString,CBranchCoverage,CBranchCoverageBitString
org.spdx.spdxspreadsheet.OriginsSheetV2d0,default,LINE;BRANCH;EXCEPTION;WEAKMUTATION;OUTPUT;METHOD;METHODNOEXCEPTION;CBRANCH,1,BUDGET,98,0.3,2,113,1426,149397,1668239844022,0.6992481203007519,11100000000000000000000000000000000000000000000000000000111111111111111111111110000111111111111111111111111111011000000111111111111111111101111111111111111111111111111111111111111111111111111111011111100111111100111110111001111111111110001111110111111111111111101100,0.756578947368421,11111111111111011111111111101111011011011101011101100011111101111111101111111111111111000000000000000011111111111111011111110111111010111111101101111001,1.0,11111111111111111111111111111111111,5,2,30,2,0.8495339547270306,1111110011111111111111011111111111111110011111111111111110011111010111111111111110010011110111111111110111111111111111111011110101111111111111111111111111111111111111111111111111111111111111111111111111111111111111111011111111111111111111111111111111111111111111111111111111111111111111111111111011111111111101111111111111111111111111111111111111111111111111111100000000000000011111111111111111111111111111111111111111111111111111111111111111111111111111111011111111111101111111111111111111111111111111111111111111111111111111111111111111110111111111111111111111111111111001111111111111100111111111111111111100111111100111111111101000000000000000000000000000000000000000000000000000000000000111111111111111111111111111111111111111101111110111111111000,0.5365853658536586,00101110001001110101100001101111001011011,1.0,111111111111111111111111111111,0.9666666666666667,101111111111111111111111111111,0.756578947368421,11111111111111111111011111011111011011110101101101010011111101111111101111111111111111000000000000000011111111111111101111111011111010111111101101111010
