TARGET_CLASS,configuration_id,criterion,ctg_min_time_per_job,ctg_schedule,search_budget,p_object_pool,ctg_time_per_class,Size,Length,Total_Time,Random_Seed,LineCoverage,LineCoverageBitString,BranchCoverage,BranchCoverageBitString,ExceptionCoverage,ExceptionCoverageBitString,Explicit_MethodExceptions,Explicit_TypeExceptions,Implicit_MethodExceptions,Implicit_TypeExceptions,WeakMutationScore,WeakMutationCoverageBitString,OutputCoverage,OutputCoverageBitString,MethodCoverage,MethodCoverageBitString,MethodNoExceptionCoverage,MethodNoExceptionCoverageBitString,CBranchCoverage,CBranchCoverageBitString
org.spdx.rdfparser.VerificationCodeGenerator,default,LINE;BRANCH;EXCEPTION;WEAKMUTATION;OUTPUT;METHOD;METHODNOEXCEPTION;CBRANCH,1,BUDGET,61,0.3,2,17,77,79855,1668244731696,0.9736842105263158,1111111011111111111111111111111111111111111111111111111111111111111101111111,0.8620689655172413,1111111111111101111111111111101111100111111000111011111111,1.0,1111111,0,0,6,2,0.8382978723404255,1111111101111111111111011111111111110111111111111111111011111111111111111111111101111111111110111111111111111101001111111111111111101101111111011111111010000000000000111111011100100000111111110111111111110111111011111111111111110111111,0.5454545454545454,10101011010,1.0,111111,1.0,111111,0.8620689655172413,1111111111110111111111111111101111110011111000111011111111
