TARGET_CLASS,configuration_id,criterion,ctg_min_time_per_job,ctg_schedule,search_budget,p_object_pool,ctg_time_per_class,Size,Length,Total_Time,Random_Seed,LineCoverage,LineCoverageBitString,BranchCoverage,BranchCoverageBitString,ExceptionCoverage,ExceptionCoverageBitString,Explicit_MethodExceptions,Explicit_TypeExceptions,Implicit_MethodExceptions,Implicit_TypeExceptions,WeakMutationScore,WeakMutationCoverageBitString,OutputCoverage,OutputCoverageBitString,MethodCoverage,MethodCoverageBitString,MethodNoExceptionCoverage,MethodNoExceptionCoverageBitString,CBranchCoverage,CBranchCoverageBitString
org.spdx.spdxspreadsheet.PackageInfoSheetV2d0,default,LINE;BRANCH;EXCEPTION;WEAKMUTATION;OUTPUT;METHOD;METHODNOEXCEPTION;CBRANCH,1,BUDGET,110,0.3,2,11,35,148462,1668238966302,0.1975806451612903,11111111111111111111111111000000000000000000000000000000000000000000000000000000000011111111111111000000000000000000000000000000000000000000000000000000000000000000000000000000000001101000000000000000000000000000000000000001111000000000000000000011,0.05806451612903226,11101000000000000000000000000000000000000000000000000000000000011110000000000000000000000000000100000000000000000000000000000000000000000000000000000000000,0.875,11111110,3,3,4,2,0.22077922077922077,111100000000000000000000000000000000000000000000000000000000000000000000000000000000000000000000000000000000000000000011110111111111110111111111111111111111111111000000000000000000000011110100000000000000000000000000000000000000000,0.3333333333333333,100010,1.0,11111,0.8,10111,0.05806451612903226,11101000000000000000000000000000000000000000000000000000000000011110000000000000000000000000000100000000000000000000000000000000000000000000000000000000000
