TARGET_CLASS,configuration_id,criterion,ctg_min_time_per_job,ctg_schedule,search_budget,p_object_pool,ctg_time_per_class,Size,Length,Total_Time,Random_Seed,LineCoverage,LineCoverageBitString,BranchCoverage,BranchCoverageBitString,ExceptionCoverage,ExceptionCoverageBitString,Explicit_MethodExceptions,Explicit_TypeExceptions,Implicit_MethodExceptions,Implicit_TypeExceptions,WeakMutationScore,WeakMutationCoverageBitString,OutputCoverage,OutputCoverageBitString,MethodCoverage,MethodCoverageBitString,MethodNoExceptionCoverage,MethodNoExceptionCoverageBitString,CBranchCoverage,CBranchCoverageBitString
org.spdx.compare.DocumentRelationshipSheet,default,LINE;BRANCH;EXCEPTION;WEAKMUTATION;OUTPUT;METHOD;METHODNOEXCEPTION;CBRANCH,1,BUDGET,45,0.3,2,10,31,64880,1668247056138,0.3157894736842105,1110000111111111111111111000000010000000000000000000000000011000000000000000,0.14285714285714285,110000000000001111000000000000000000000000,0.9,1111111101,3,3,6,3,0.2857142857142857,000000000000000000000000000000000000000000000000000000111111111011011111111111111111111111111111111110111111111111111111111111111111111000000000000000000000000000000000000000000000000000000000000000000000000000000000000000000000000000000000000000000000000000000000000000000,0.3333333333333333,001,0.8,11110,0.6,11010,0.14285714285714285,110000000000001111000000000000000000000000
