TARGET_CLASS,configuration_id,criterion,ctg_min_time_per_job,ctg_schedule,search_budget,p_object_pool,ctg_time_per_class,Size,Length,Total_Time,Random_Seed,LineCoverage,LineCoverageBitString,BranchCoverage,BranchCoverageBitString,ExceptionCoverage,ExceptionCoverageBitString,Explicit_MethodExceptions,Explicit_TypeExceptions,Implicit_MethodExceptions,Implicit_TypeExceptions,WeakMutationScore,WeakMutationCoverageBitString,OutputCoverage,OutputCoverageBitString,MethodCoverage,MethodCoverageBitString,MethodNoExceptionCoverage,MethodNoExceptionCoverageBitString,CBranchCoverage,CBranchCoverageBitString
org.spdx.rdfparser.license.LicenseException,default,LINE;BRANCH;EXCEPTION;WEAKMUTATION;OUTPUT;METHOD;METHODNOEXCEPTION;CBRANCH,1,BUDGET,110,0.3,2,60,182,141826,1668238517405,0.40836012861736337,11110111111111111111111111111111111111000000000000000000000000000000000000000000000000000000000000000000000000000011111111111111100100000000000000000000000000000000000000000000000000011111111111111111110000000000000111000000111111111111111000111100011110000110001100000111000001111000011111000011110000111111111,0.3854748603351955,11111111111111111110000000000000000000000000000000010000000000000000000000000000000000000000000000000000010000010001100110011100011000011001100111111111111111111111111111111111100,1.0,1111111111111,0,0,13,2,0.5121951219512195,1000000000000011000001100000000000000000000000011000000001100000001111100000111110000011111100000001110000000000011111000111110000011111111111111111111111101111011111111111111111111111111111110000011111111,0.5555555555555556,110000000000111100000000011111100011111111111111100111010110110,1.0,111111111111111111111111111111111111,0.8888888888888888,111111011011011011111111111111111111,0.3854748603351955,11111111111111111110000000000000000000000000000000000000100000000000000000000000000000000000000000000000001000001001100110011010011000011001100111111111111111111111111111111111100
