TARGET_CLASS,configuration_id,criterion,ctg_min_time_per_job,ctg_schedule,search_budget,p_object_pool,ctg_time_per_class,Size,Length,Total_Time,Random_Seed,LineCoverage,LineCoverageBitString,BranchCoverage,BranchCoverageBitString,ExceptionCoverage,ExceptionCoverageBitString,Explicit_MethodExceptions,Explicit_TypeExceptions,Implicit_MethodExceptions,Implicit_TypeExceptions,WeakMutationScore,WeakMutationCoverageBitString,OutputCoverage,OutputCoverageBitString,MethodCoverage,MethodCoverageBitString,MethodNoExceptionCoverage,MethodNoExceptionCoverageBitString,CBranchCoverage,CBranchCoverageBitString
org.spdx.rdfparser.license.CrossRef,default,LINE;BRANCH;EXCEPTION;WEAKMUTATION;OUTPUT;METHOD;METHODNOEXCEPTION;CBRANCH,1,BUDGET,61,0.3,2,51,180,82089,1668244335443,0.7952755905511811,1111111111100011111100000011011000000011111111100001110111101101101101111111111111111111111111111111111111111111111111111111111,0.5416666666666666,111111111111111000000000101111111110001000100011100011100010001110000011,1.0,1111,1,1,3,1,0.7293447293447294,111111111111111111010110000000000000000000000000000000000000000000011111111111111000100000001111111111111111111111111111111111111111111111000011111111110000111111111100001111111111111110000111111111111111000011111111110000111111111111111000000000000000111111111111111111111111111111111111111111111111111111111111111111111111111111111111111111111111111,0.8166666666666667,111111111111111111111111111101001010001111111111111010110110,1.0,1111111111111111111111111,0.96,1101111111111111111111111,0.5277777777777778,011111111111111000000000101111111100010100001011000111001000011100100011
