TARGET_CLASS,configuration_id,criterion,ctg_min_time_per_job,ctg_schedule,search_budget,p_object_pool,ctg_time_per_class,Size,Length,Total_Time,Random_Seed,LineCoverage,LineCoverageBitString,BranchCoverage,BranchCoverageBitString,ExceptionCoverage,ExceptionCoverageBitString,Explicit_MethodExceptions,Explicit_TypeExceptions,Implicit_MethodExceptions,Implicit_TypeExceptions,WeakMutationScore,WeakMutationCoverageBitString,OutputCoverage,OutputCoverageBitString,MethodCoverage,MethodCoverageBitString,MethodNoExceptionCoverage,MethodNoExceptionCoverageBitString,CBranchCoverage,CBranchCoverageBitString
com.thealgorithms.datastructures.trees.BSTRecursiveGeneric,default,LINE;BRANCH;EXCEPTION;WEAKMUTATION;OUTPUT;METHOD;METHODNOEXCEPTION;CBRANCH,1,BUDGET,175,0.3,2,21,69,184216,1665804300526,1.0,11111111111111111111111111111111111111111111111111111111111111111111111111111111111111111111111111111111111111111111111111111111111111,0.803921568627451,111111110110011001100110011001100110011001100110111111111111111111111111111111111111111111111111111111,1.0,111,0,0,3,1,0.944,11111111111111111111111101111111101111111111111011111011111111111111111101111111111111111101111111111111111111111110111111111,0.75,11110110,1.0,111111111,1.0,111111111,0.7647058823529411,111111110110100110010101011010010011011001100011111101111111111111111111111011111011101111111111111111
