TARGET_CLASS,configuration_id,criterion,ctg_min_time_per_job,ctg_schedule,search_budget,p_object_pool,ctg_time_per_class,Size,Length,Total_Time,Random_Seed,LineCoverage,LineCoverageBitString,BranchCoverage,BranchCoverageBitString,ExceptionCoverage,ExceptionCoverageBitString,Explicit_MethodExceptions,Explicit_TypeExceptions,Implicit_MethodExceptions,Implicit_TypeExceptions,WeakMutationScore,WeakMutationCoverageBitString,OutputCoverage,OutputCoverageBitString,MethodCoverage,MethodCoverageBitString,MethodNoExceptionCoverage,MethodNoExceptionCoverageBitString,CBranchCoverage,CBranchCoverageBitString
org.spdx.compare.LicenseCompareHelper,default,LINE;BRANCH;EXCEPTION;WEAKMUTATION;OUTPUT;METHOD;METHODNOEXCEPTION;CBRANCH,1,BUDGET,118,0.3,2,60,120,151805,1668238189868,0.802158273381295,11111111111111000011111111011111111111111111010101000000011111111111111111101111110101100101111111111111111001100001111111001100001110000001111111111111111111111111111111111111000000111111111111111111111111111111111111111111111111111111111111111100000000011011111111111111111111,0.7514450867052023,11111111111111111110110011101100110011110111111111111000001000111111111111111111111111111111111011111111111100010101000000011111111111101010101111111010110011011111111110000,1.0,11111111111111,3,3,11,2,0.8891656288916563,11111111111110111111111111111110111111111111110111111111111111111111111111111111100000011111111111111111111111111111111111111111111111111111111111101111111111111111111111111111111111101111111111111111111111111111111111111111110111111111111111111111111101111111111111111111111111111111111111111111111111111111111111111111111111111111111111111111111111111111111111111111111111111111111111111111111111111111111111111111111111111111111111111111111111111111111111111111111111111111110111111111111111111111111111111111111111111111111111111111111110111111111000111111111111111111111111111111011111111000011011100011111010000000000000000000000000000001111110011101111111111111111111111011111111011111111111111101111101111111111111110011101111111111001111111111111111111110111011100111111111011101110000000000000,0.7073170731707317,11011110110111111111110110000011011011011,1.0,111111111111111,0.9333333333333333,111111111101111,0.7514450867052023,11111111111111111110101011110010101011011111111111111000010001011111111111111111111111111111111011111111111010001011000000011111111110111011001111111010011001111111111110000
