TARGET_CLASS,configuration_id,criterion,ctg_min_time_per_job,ctg_schedule,search_budget,p_object_pool,ctg_time_per_class,Size,Length,Total_Time,Random_Seed,LineCoverage,LineCoverageBitString,BranchCoverage,BranchCoverageBitString,ExceptionCoverage,ExceptionCoverageBitString,Explicit_MethodExceptions,Explicit_TypeExceptions,Implicit_MethodExceptions,Implicit_TypeExceptions,WeakMutationScore,WeakMutationCoverageBitString,OutputCoverage,OutputCoverageBitString,MethodCoverage,MethodCoverageBitString,MethodNoExceptionCoverage,MethodNoExceptionCoverageBitString,CBranchCoverage,CBranchCoverageBitString
com.thealgorithms.misc.InverseOfMatrix,default,LINE;BRANCH;EXCEPTION;WEAKMUTATION;OUTPUT;METHOD;METHODNOEXCEPTION;CBRANCH,1,BUDGET,90,0.3,2,12,37,98151,1665807740891,1.0,111111111111111111111111111111111111111111111111111111111111111111,1.0,11111111111111111111111111111111111111111,1.0,1111111,0,0,7,5,0.9707446808510638,1111111111111111111011111111111111011111111111111111111111101111111111111011111111111111111111111111111111111111110111111111111111111111111111111111111111111111111111111101111111111111111101111111111111111111111111111111111111111111111111111111111111111111101111111111111111111101111111111111111011111111111111111111111111111111111111111111111111111111111111111110111111111111,0.6666666666666666,110,1.0,1111,1.0,1111,1.0,11111111111111111111111111111111111111111
