TARGET_CLASS,configuration_id,criterion,ctg_min_time_per_job,ctg_schedule,search_budget,p_object_pool,ctg_time_per_class,Size,Length,Total_Time,Random_Seed,LineCoverage,LineCoverageBitString,BranchCoverage,BranchCoverageBitString,ExceptionCoverage,ExceptionCoverageBitString,Explicit_MethodExceptions,Explicit_TypeExceptions,Implicit_MethodExceptions,Implicit_TypeExceptions,WeakMutationScore,WeakMutationCoverageBitString,OutputCoverage,OutputCoverageBitString,MethodCoverage,MethodCoverageBitString,MethodNoExceptionCoverage,MethodNoExceptionCoverageBitString,CBranchCoverage,CBranchCoverageBitString
org.spdx.spdxspreadsheet.PerFileSheetV2d2,default,LINE;BRANCH;EXCEPTION;WEAKMUTATION;OUTPUT;METHOD;METHODNOEXCEPTION;CBRANCH,1,BUDGET,123,0.3,2,20,94,174504,1668237700304,0.3333333333333333,111111111000000000000000000001111111111111111010100000101111111111111111111101110111100000000000000000000000000000000000000000000000000000000000000000000000000000000000000000000000010000000000000000000011111111111111100001111,0.292817679558011,1010111010110000000000101010101010101010101011001100110000110010000000000000000000000000000000000000000000000000000000000000000000010101110111101011111110100000000001111110100000000,0.9230769230769231,1111111101111,3,3,8,3,0.5615942028985508,101011010111110010000000000000000001111000000000000000000000000010011111111111111111111111010000111111111111111110111111111111111110111111111111111111111111111000000000000000000000000000000000000001111011111111111011111111111111111101111010111111111111111100000000000000000000,0.25,000001000011,1.0,1111111,0.7142857142857143,1110101,0.292817679558011,1010111100110000000001001010101110000111001100101010110000110010000000000000000000000000000000000000000000000000000000000000000000010011110111110101111011100000000001111111000000000
