TARGET_CLASS,configuration_id,criterion,ctg_min_time_per_job,ctg_schedule,search_budget,p_object_pool,ctg_time_per_class,Size,Length,Total_Time,Random_Seed,LineCoverage,LineCoverageBitString,BranchCoverage,BranchCoverageBitString,ExceptionCoverage,ExceptionCoverageBitString,Explicit_MethodExceptions,Explicit_TypeExceptions,Implicit_MethodExceptions,Implicit_TypeExceptions,WeakMutationScore,WeakMutationCoverageBitString,OutputCoverage,OutputCoverageBitString,MethodCoverage,MethodCoverageBitString,MethodNoExceptionCoverage,MethodNoExceptionCoverageBitString,CBranchCoverage,CBranchCoverageBitString
org.spdx.spdxspreadsheet.PerFileSheetV2d0,default,LINE;BRANCH;EXCEPTION;WEAKMUTATION;OUTPUT;METHOD;METHODNOEXCEPTION;CBRANCH,1,BUDGET,115,0.3,2,24,96,166363,1668237879780,0.2981651376146789,11111000000000000000000000000000000000000000000000000001111111111111111111011111111100000000000000000000000000000000000000000000000000000000000000000000000000000000000000000011101111111100110000011111111111111100001111,0.2254335260115607,10000000000000000000000000000000000000000000000000000000011000000000000000000000000000000000000000000000000000000000000000010101111111111011111110100011000111111110101011011,0.9333333333333333,111111110111111,5,4,8,3,0.6811594202898551,000000000000000000000000000000000001111000000000000000000000000010011111111111111111111111110111111111111111111110111111111111111110111111111111111111111111111111111111100111100000000011111111101001111011111111111011111111111111111101111010111111111111111111010011111110111111,0.3333333333333333,000001010011,1.0,1111111,0.7142857142857143,1010111,0.21965317919075145,10000000000000000000000000000000000000000000000000000000010000000000000000000000000000000000000000000000000000000000000000010011111111111011111101100010100111111111000110111
