TARGET_CLASS,configuration_id,criterion,ctg_min_time_per_job,ctg_schedule,search_budget,p_object_pool,ctg_time_per_class,Size,Length,Total_Time,Random_Seed,LineCoverage,LineCoverageBitString,BranchCoverage,BranchCoverageBitString,ExceptionCoverage,ExceptionCoverageBitString,Explicit_MethodExceptions,Explicit_TypeExceptions,Implicit_MethodExceptions,Implicit_TypeExceptions,WeakMutationScore,WeakMutationCoverageBitString,OutputCoverage,OutputCoverageBitString,MethodCoverage,MethodCoverageBitString,MethodNoExceptionCoverage,MethodNoExceptionCoverageBitString,CBranchCoverage,CBranchCoverageBitString
org.spdx.spdxspreadsheet.PerFileSheetV1d2,default,LINE;BRANCH;EXCEPTION;WEAKMUTATION;OUTPUT;METHOD;METHODNOEXCEPTION;CBRANCH,1,BUDGET,110,0.3,2,18,63,145738,1668238815904,0.28078817733990147,11111000000000000000000000000000000000000000000000011111111111111111110111111111000000000000000000000000000000000000000000000000000000000000000000000000000000000000111100110000000011111111011111100001111,0.21794871794871795,110000000000000000000000000000000000000000000000001100000000000000000000000000000000000000000000000000000000001010111111110101101111010001100011100011111101,1.0,1111111111,2,2,7,2,0.6185185185185185,000000000000000000000000000000000000011110000000000000000000100111111111111111111111111101111111111111111111101111111001111111000000011111111111111111111111111111111001111000000000111111111011111111100100000000000000011110111111111110111111111111111111011110101111111111,0.3333333333333333,000001100011,1.0,1111111,0.7142857142857143,1010111,0.21153846153846154,110000000000000000000000000000000000000000000000001000000000000000000000000000000000000000000000000000000000000101111111110101101111010001010010110011111101
