TARGET_CLASS,configuration_id,criterion,ctg_min_time_per_job,ctg_schedule,search_budget,p_object_pool,ctg_time_per_class,Size,Length,Total_Time,Random_Seed,LineCoverage,LineCoverageBitString,BranchCoverage,BranchCoverageBitString,ExceptionCoverage,ExceptionCoverageBitString,Explicit_MethodExceptions,Explicit_TypeExceptions,Implicit_MethodExceptions,Implicit_TypeExceptions,WeakMutationScore,WeakMutationCoverageBitString,OutputCoverage,OutputCoverageBitString,MethodCoverage,MethodCoverageBitString,MethodNoExceptionCoverage,MethodNoExceptionCoverageBitString,CBranchCoverage,CBranchCoverageBitString
com.thealgorithms.datastructures.graphs.AdjacencyMatrixGraph,default,LINE;BRANCH;EXCEPTION;WEAKMUTATION;OUTPUT;METHOD;METHODNOEXCEPTION;CBRANCH,1,BUDGET,114,0.3,2,38,437,163367,1665805705285,0.9529411764705882,1111111111111111111111111111111111111111111111111111111111111000011111111111111111111,0.967741935483871,11111111111111111111111111111100111111111111111111111111111111,1.0,1111,0,0,4,3,0.9105691056910569,111111111111111111111111110111111111111111111011111111111111111111111111111111111111111111111111101111111111111111111111111111111111110111110111111111111111111111111111111111111111111111111111111111111111111111111111111111111111111000000000000000000000000000000000111111111111111111111111111111111111111111111111111111111111111011111111111111111111111111111111111111111111111101111111111111111111111111111111111111110111111111111111111111111111011111111111111101111111111111110111111111111111,0.6896551724137931,11110110110110110110111001011,1.0,1111111111,1.0,1111111111,0.8709677419354839,11111111111111111111111111111100111100000011111111111111111111
