TARGET_CLASS,configuration_id,criterion,ctg_min_time_per_job,ctg_schedule,search_budget,p_object_pool,ctg_time_per_class,Size,Length,Total_Time,Random_Seed,LineCoverage,LineCoverageBitString,BranchCoverage,BranchCoverageBitString,ExceptionCoverage,ExceptionCoverageBitString,Explicit_MethodExceptions,Explicit_TypeExceptions,Implicit_MethodExceptions,Implicit_TypeExceptions,WeakMutationScore,WeakMutationCoverageBitString,OutputCoverage,OutputCoverageBitString,MethodCoverage,MethodCoverageBitString,MethodNoExceptionCoverage,MethodNoExceptionCoverageBitString,CBranchCoverage,CBranchCoverageBitString
com.thealgorithms.datastructures.heaps.MaxHeap,default,LINE;BRANCH;EXCEPTION;WEAKMUTATION;OUTPUT;METHOD;METHODNOEXCEPTION;CBRANCH,1,BUDGET,108,0.3,2,12,36,112402,1665806238108,0.4,1111111111111111000000000000010011111011011000000000000000000000011000,0.3148148148148148,101111110111011000000000000000000000010111010000000000,1.0,1111111,4,1,2,1,0.13720316622691292,1111111111001000000001110010000001000000000000000000000000000000000000000000001111101111111111111000000000000000000000000000000000000000000000000000000000000000000000000000000000000000000000000000000000000000000000000000000000000000000000000000000000000000000000000000000000000000000000101001011111111111011100000000000000000000000000000000000000000000000000000000000000000000001,0.0,00000000,1.0,11111,0.2,10000,0.3148148148148148,111011111011010100000000000000000000100101110000000000
