TARGET_CLASS,configuration_id,criterion,ctg_min_time_per_job,ctg_schedule,search_budget,p_object_pool,ctg_time_per_class,Size,Length,Total_Time,Random_Seed,LineCoverage,LineCoverageBitString,BranchCoverage,BranchCoverageBitString,ExceptionCoverage,ExceptionCoverageBitString,Explicit_MethodExceptions,Explicit_TypeExceptions,Implicit_MethodExceptions,Implicit_TypeExceptions,WeakMutationScore,WeakMutationCoverageBitString,OutputCoverage,OutputCoverageBitString,MethodCoverage,MethodCoverageBitString,MethodNoExceptionCoverage,MethodNoExceptionCoverageBitString,CBranchCoverage,CBranchCoverageBitString
org.spdx.compare.MultiDocumentSpreadsheet,default,LINE;BRANCH;EXCEPTION;WEAKMUTATION;OUTPUT;METHOD;METHODNOEXCEPTION;CBRANCH,1,BUDGET,74,0.3,2,4,8,87348,1668241825808,0.11659192825112108,0000000000000000000000000000000000000000000000000011111111111111111111111000000000111000000000000000000000000000000000000000000000000000000000000000000000000000000000000000000000000000000000000000000000000000000000000000000,0.03296703296703297,0000000110001000000000000000000000000000000000000000000000000000000000000000000000000000000,1.0,1111,2,2,1,1,0.21875,0011111111111111000000000000000000000000000000000000000000000000,0.0,000,0.14285714285714285,1000000,0.0,0000000,0.0,0000000000000000000000000000000000000000000000000000000000000000000000000000000000000000000
