TARGET_CLASS,configuration_id,criterion,ctg_min_time_per_job,ctg_schedule,search_budget,p_object_pool,ctg_time_per_class,Size,Length,Total_Time,Random_Seed,LineCoverage,LineCoverageBitString,BranchCoverage,BranchCoverageBitString,ExceptionCoverage,ExceptionCoverageBitString,Explicit_MethodExceptions,Explicit_TypeExceptions,Implicit_MethodExceptions,Implicit_TypeExceptions,WeakMutationScore,WeakMutationCoverageBitString,OutputCoverage,OutputCoverageBitString,MethodCoverage,MethodCoverageBitString,MethodNoExceptionCoverage,MethodNoExceptionCoverageBitString,CBranchCoverage,CBranchCoverageBitString
org.spdx.spdxspreadsheet.PackageInfoSheetV2d1,default,LINE;BRANCH;EXCEPTION;WEAKMUTATION;OUTPUT;METHOD;METHODNOEXCEPTION;CBRANCH,1,BUDGET,121,0.3,2,20,100,170044,1668237525385,0.6370106761565836,11111111111111111111111111111111111110000000000100111111100000101001111111111110010011101111111111111111101101101111111111001111111111011011101101111011101111011101110100011111000111011101110111110111011100111111111101100001100000000000000000000000001111011111000000000000000000011,0.40540540540540543,11101000000000000000011111011110010000010000000000010000000000011010110001111100000101110001010111111101001111001101000010111010110101000111010000101101000001101010010001000100001100110,0.9090909090909091,11111111101,3,3,7,4,0.5887445887445888,111100000000000000000000000000000000000000000000000000000000011111111101111110000000011111111111111111100000000000000011110111111111110111111111111111111111111111111111111111111100000011111101111111111111111110101000111111111111111,0.5,110010,1.0,11111,1.0,11111,0.40540540540540543,11101000000000000000011110111110001000001000000000010000000000011011010001111100000011011000101111111011010111010010001100111011001100001111000011001100001001101100000100001000101011001
