TARGET_CLASS,configuration_id,criterion,ctg_min_time_per_job,ctg_schedule,search_budget,p_object_pool,ctg_time_per_class,Size,Length,Total_Time,Random_Seed,LineCoverage,LineCoverageBitString,BranchCoverage,BranchCoverageBitString,ExceptionCoverage,ExceptionCoverageBitString,Explicit_MethodExceptions,Explicit_TypeExceptions,Implicit_MethodExceptions,Implicit_TypeExceptions,WeakMutationScore,WeakMutationCoverageBitString,OutputCoverage,OutputCoverageBitString,MethodCoverage,MethodCoverageBitString,MethodNoExceptionCoverage,MethodNoExceptionCoverageBitString,CBranchCoverage,CBranchCoverageBitString
com.corundumstudio.socketio.Configuration,default,LINE;BRANCH;EXCEPTION;WEAKMUTATION;OUTPUT;METHOD;METHODNOEXCEPTION;CBRANCH,1,BUDGET,47,0.3,2,94,1471,78836,1668226240610,0.9817351598173516,111111111111111111111111111111111111111111111111111111111111111111111001001111111111111111111111111111111111111111111111111111111111111111111111111111111111111111111111111111111111111111111111111111111111111111111111111,1.0,11111111111111111111111111111111111111111111111111111111111111111111111111111111,1.0,111,1,1,2,1,0.9897959183673469,11111111111111111111111111111111111111111111111111011111111111111111111111111111111111111111111111,0.8617886178861789,101111111111111111111111101111111111111111111111111111111111011110011011011011111111000000001110111111111111111111111111111,1.0,11111111111111111111111111111111111111111111111111111111111111111111111111111,1.0,11111111111111111111111111111111111111111111111111111111111111111111111111111,1.0,11111111111111111111111111111111111111111111111111111111111111111111111111111111
