TARGET_CLASS,configuration_id,criterion,ctg_min_time_per_job,ctg_schedule,search_budget,p_object_pool,ctg_time_per_class,Size,Length,Total_Time,Random_Seed,LineCoverage,LineCoverageBitString,BranchCoverage,BranchCoverageBitString,ExceptionCoverage,ExceptionCoverageBitString,Explicit_MethodExceptions,Explicit_TypeExceptions,Implicit_MethodExceptions,Implicit_TypeExceptions,WeakMutationScore,WeakMutationCoverageBitString,OutputCoverage,OutputCoverageBitString,MethodCoverage,MethodCoverageBitString,MethodNoExceptionCoverage,MethodNoExceptionCoverageBitString,CBranchCoverage,CBranchCoverageBitString
org.spdx.rdfparser.license.SpdxListedLicense,default,LINE;BRANCH;EXCEPTION;WEAKMUTATION;OUTPUT;METHOD;METHODNOEXCEPTION;CBRANCH,1,BUDGET,43,0.3,2,27,97,54336,1668247366840,0.8625,11111111111111111111111111111111110011111110111111001111111110011111111111110000,0.8536585365853658,11111111111111100001111011011111111111111,1.0,1111111,3,3,4,2,0.861878453038674,0000000000001111111011111111111111111110110110111111111111111111011111111011111111010111111001111111111111111111111111111111111111111111101111111100111111111111111111111111111111111,0.3448275862068966,11111110110000000000010000000,1.0,111111111111111111,0.8333333333333334,111111101111011110,0.8292682926829268,11111111101111100001111010111111111111111
