TARGET_CLASS,configuration_id,criterion,ctg_min_time_per_job,ctg_schedule,search_budget,p_object_pool,ctg_time_per_class,Size,Length,Total_Time,Random_Seed,LineCoverage,LineCoverageBitString,BranchCoverage,BranchCoverageBitString,ExceptionCoverage,ExceptionCoverageBitString,Explicit_MethodExceptions,Explicit_TypeExceptions,Implicit_MethodExceptions,Implicit_TypeExceptions,WeakMutationScore,WeakMutationCoverageBitString,OutputCoverage,OutputCoverageBitString,MethodCoverage,MethodCoverageBitString,MethodNoExceptionCoverage,MethodNoExceptionCoverageBitString,CBranchCoverage,CBranchCoverageBitString
org.spdx.spdxspreadsheet.PackageInfoSheetV09d2,default,LINE;BRANCH;EXCEPTION;WEAKMUTATION;OUTPUT;METHOD;METHODNOEXCEPTION;CBRANCH,1,BUDGET,88,0.3,2,15,54,122740,1668240700514,0.24598930481283424,1111111111111111111110000000000000000000000000000000000000000000000011111111111111100000000000000000000000000000000000000000000000000000111100000000000000000000001111000000000000000000011,0.09174311926605505,1110100000000000000000000000000000000001111000000000000000000000000110000000000000000000000000000000000000000,0.9090909090909091,11111111011,3,2,7,3,0.2680851063829787,1111000000000000000000000000000000000000000000000000000000000000000000000000000000000000000000000000000000000000000000011110111111111110111111111111111111111111111000000000000000000000000111111011111110011110000000000000000000000000000,0.3333333333333333,100010,1.0,11111,0.8,10111,0.09174311926605505,1111000000000000000000000000000000000001111000000000000000000000000110000000000000000000000000000000000000000
