TARGET_CLASS,configuration_id,criterion,ctg_min_time_per_job,ctg_schedule,search_budget,p_object_pool,ctg_time_per_class,Size,Length,Total_Time,Random_Seed,LineCoverage,LineCoverageBitString,BranchCoverage,BranchCoverageBitString,ExceptionCoverage,ExceptionCoverageBitString,Explicit_MethodExceptions,Explicit_TypeExceptions,Implicit_MethodExceptions,Implicit_TypeExceptions,WeakMutationScore,WeakMutationCoverageBitString,OutputCoverage,OutputCoverageBitString,MethodCoverage,MethodCoverageBitString,MethodNoExceptionCoverage,MethodNoExceptionCoverageBitString,CBranchCoverage,CBranchCoverageBitString
org.spdx.rdfparser.model.Annotation,default,LINE;BRANCH;EXCEPTION;WEAKMUTATION;OUTPUT;METHOD;METHODNOEXCEPTION;CBRANCH,1,BUDGET,74,0.3,2,46,166,97871,1668242016935,0.832,11111100011111111111111111111111111111111111011000000011101101111110000001111111111111111110011111111111111111111111111111111,0.7857142857142857,11111111111011111111111101011111010110000011100010001000110101111111111111111111111111111111111111,1.0,11111,0,0,4,2,0.7491289198606271,11111111000100000000000000000011111111111111111111111111111111111111111101011111111111111111111111010111100000000000000000000010111101110000111111110110000111111101110000111111101110111111111010111110000001111111111111111111111111111111111111111111111111111111111111111111111111111111111,0.55,0101111111111011111111000000000001100100,1.0,111111111111111111111,0.9047619047619048,101111111110111111111,0.7755102040816326,10111111110111111111111110011111011000010011010000011000110011111111111111111111111111111111111111
