TARGET_CLASS,configuration_id,criterion,ctg_min_time_per_job,ctg_schedule,search_budget,p_object_pool,ctg_time_per_class,Size,Length,Total_Time,Random_Seed,LineCoverage,LineCoverageBitString,BranchCoverage,BranchCoverageBitString,ExceptionCoverage,ExceptionCoverageBitString,Explicit_MethodExceptions,Explicit_TypeExceptions,Implicit_MethodExceptions,Implicit_TypeExceptions,WeakMutationScore,WeakMutationCoverageBitString,OutputCoverage,OutputCoverageBitString,MethodCoverage,MethodCoverageBitString,MethodNoExceptionCoverage,MethodNoExceptionCoverageBitString,CBranchCoverage,CBranchCoverageBitString
org.spdx.spdxspreadsheet.ReviewersSheet,default,LINE;BRANCH;EXCEPTION;WEAKMUTATION;OUTPUT;METHOD;METHODNOEXCEPTION;CBRANCH,1,BUDGET,59,0.3,2,25,102,86834,1668244815681,0.926829268292683,1111111111111111111111111111111111101111110111111011110111111111111111111111111100,0.8727272727272727,1111111011011111111111110111111111101111111111011101110,0.9166666666666666,111111101111,3,3,8,2,0.9128205128205128,111111101111111111111111111110111111111111111111111111111111111111001111110011111111010111111111111111111111111111110011111111111111111111111101111111111111111111111010000000000000111111111111111111111111110111101111111111111111110111111111111111111111111111111111111011111111111111101101011101111111111111111111111111111111111111111111111011111111111111111111111111111111111111111111111111,0.8181818181818182,11101111011,1.0,1111111,1.0,1111111,0.8727272727272727,1111111100111111111111110111111111101111111110111011110
