TARGET_CLASS,configuration_id,criterion,ctg_min_time_per_job,ctg_schedule,search_budget,p_object_pool,ctg_time_per_class,Size,Length,Total_Time,Random_Seed,LineCoverage,LineCoverageBitString,BranchCoverage,BranchCoverageBitString,ExceptionCoverage,ExceptionCoverageBitString,Explicit_MethodExceptions,Explicit_TypeExceptions,Implicit_MethodExceptions,Implicit_TypeExceptions,WeakMutationScore,WeakMutationCoverageBitString,OutputCoverage,OutputCoverageBitString,MethodCoverage,MethodCoverageBitString,MethodNoExceptionCoverage,MethodNoExceptionCoverageBitString,CBranchCoverage,CBranchCoverageBitString
org.spdx.spdxspreadsheet.RelationshipsSheet,default,LINE;BRANCH;EXCEPTION;WEAKMUTATION;OUTPUT;METHOD;METHODNOEXCEPTION;CBRANCH,1,BUDGET,61,0.3,2,19,78,89360,1668244241925,0.6129032258064516,111111111111111111111111111111111111101110000000000000000000000000000011111111111111100001100,0.4603174603174603,111111101111110000000000000001111110111011111010100000000000000,0.8888888888888888,111111011,2,2,6,2,0.6747252747252748,11011111111111111111111111111111101111111111111111111111111111111111111111111010111111101111101111101111111111111111111101111110000000000000100000000000000000000000000000000000000000000000000000000000000000000000000000000001111111111111111111111111111111111111111101111111111111111111111111111111111111111110111111111111111111111101011111111111111111111111111111111111111111111111111111111111111111111011111111111110000000000000000000000000000000000000000,0.4444444444444444,001001011,1.0,111111,1.0,111111,0.4603174603174603,111111110111100100000000000001111111011101111010100000000000000
