TARGET_CLASS,configuration_id,criterion,ctg_min_time_per_job,ctg_schedule,search_budget,p_object_pool,ctg_time_per_class,Size,Length,Total_Time,Random_Seed,LineCoverage,LineCoverageBitString,BranchCoverage,BranchCoverageBitString,ExceptionCoverage,ExceptionCoverageBitString,Explicit_MethodExceptions,Explicit_TypeExceptions,Implicit_MethodExceptions,Implicit_TypeExceptions,WeakMutationScore,WeakMutationCoverageBitString,OutputCoverage,OutputCoverageBitString,MethodCoverage,MethodCoverageBitString,MethodNoExceptionCoverage,MethodNoExceptionCoverageBitString,CBranchCoverage,CBranchCoverageBitString
org.spdx.spdxspreadsheet.PackageInfoSheetV2d2,default,LINE;BRANCH;EXCEPTION;WEAKMUTATION;OUTPUT;METHOD;METHODNOEXCEPTION;CBRANCH,1,BUDGET,127,0.3,2,15,56,172291,1668237348156,0.17647058823529413,1111111111111111111111111111000000000000000000000000000000000000000000000000000000000000000001111111111111110000000000000000000000000000000000000000000000000000000000000000000000000000000000000000000000000000000000001111000000000000000000000000000000000000000000001111000000000000000000000,0.05235602094240838,11101000000000000000000000000000000000000000000000000000000000000000000001111000000000000000000000000000000001100000000000000000000000000000000000000000000000000000000000000000000000000000000,0.9166666666666666,111111111011,3,3,8,4,0.27705627705627706,111100000000000000000000000000000000000000000000000000000000000000000000000000000000000000000000000000000000000000000011111111111111110111111111111111111111111111000000000000000000000011111101111111001111000000000000000000000000000,0.3333333333333333,100010,1.0,11111,0.8,10111,0.05235602094240838,11101000000000000000000000000000000000000000000000000000000000000000000001111000000000000000000000000000000001100000000000000000000000000000000000000000000000000000000000000000000000000000000
