TARGET_CLASS,configuration_id,criterion,ctg_min_time_per_job,ctg_schedule,search_budget,p_object_pool,ctg_time_per_class,Size,Length,Total_Time,Random_Seed,LineCoverage,LineCoverageBitString,BranchCoverage,BranchCoverageBitString,ExceptionCoverage,ExceptionCoverageBitString,Explicit_MethodExceptions,Explicit_TypeExceptions,Implicit_MethodExceptions,Implicit_TypeExceptions,WeakMutationScore,WeakMutationCoverageBitString,OutputCoverage,OutputCoverageBitString,MethodCoverage,MethodCoverageBitString,MethodNoExceptionCoverage,MethodNoExceptionCoverageBitString,CBranchCoverage,CBranchCoverageBitString
org.spdx.spdxspreadsheet.PerFileSheetV1d1,default,LINE;BRANCH;EXCEPTION;WEAKMUTATION;OUTPUT;METHOD;METHODNOEXCEPTION;CBRANCH,1,BUDGET,80,0.3,2,17,89,117935,1668240929549,0.5277777777777778,111111111111111111110111111111111111111111111000000000000000000000000000000000000000000000000000000000000111100111111000011111111111111111101111,0.4411764705882353,110101010101010101110110010101000000000000000000000000000000000011111101101111110101100011100111111101,1.0,1111111111,4,3,6,3,0.8323943661971831,11001111111111111111111111110101111110101111111111111111111111111000000000000000000000000000000000000000000111111111111111111111111111111111111111111111110111111111111111111111111111111111111111111111111111111111111111001111111100111111111111111111101111101111111111111101111111111111111111111111110011111111111111111111111111111111111111001111111111111111111100000000000000000000000000000000000000000001111111111111111111111111011111111111111111111111110011111111110111111111111111001100111111111111111111110111111101111111111111111111111111111111110111111111111111111111111111111111111111111111111111111111111111011111111111111111111110111111111111101010111111111111111111111111111111111111111111111111111111,0.4444444444444444,001100011,1.0,111111,1.0,111111,0.4411764705882353,111010010011001110110011010101000000000000000000000000000000000011111101101111111010010010110111111101
