TARGET_CLASS,configuration_id,criterion,ctg_min_time_per_job,ctg_schedule,search_budget,p_object_pool,ctg_time_per_class,Size,Length,Total_Time,Random_Seed,LineCoverage,LineCoverageBitString,BranchCoverage,BranchCoverageBitString,ExceptionCoverage,ExceptionCoverageBitString,Explicit_MethodExceptions,Explicit_TypeExceptions,Implicit_MethodExceptions,Implicit_TypeExceptions,WeakMutationScore,WeakMutationCoverageBitString,OutputCoverage,OutputCoverageBitString,MethodCoverage,MethodCoverageBitString,MethodNoExceptionCoverage,MethodNoExceptionCoverageBitString,CBranchCoverage,CBranchCoverageBitString
com.thealgorithms.datastructures.lists.CursorLinkedList,default,LINE;BRANCH;EXCEPTION;WEAKMUTATION;OUTPUT;METHOD;METHODNOEXCEPTION;CBRANCH,1,BUDGET,84,0.3,2,23,81,103061,1665808696730,0.9885057471264368,111111111110111111111111111111111111111111111111111111111111111111111111111111111111111,0.9444444444444444,111111111111111101111111111111111110,1.0,11111,0,0,5,2,0.9651162790697675,01111111111110111111111110111111111111111111111111111111111111111111111111111111111110101111111111111111011111111111111111111111111111111111111111111111111111111111111111110111111111111111111111111111111111101111111111111111111111111111111111111111111111111101111111111111111110111111111111111111111111111111111111111010111111111111111111111111,1.0,11111,1.0,1111111,1.0,1111111,0.9444444444444444,111111111111111110111111111111111110
