TARGET_CLASS,configuration_id,criterion,ctg_min_time_per_job,ctg_schedule,search_budget,p_object_pool,ctg_time_per_class,Size,Length,Total_Time,Random_Seed,LineCoverage,LineCoverageBitString,BranchCoverage,BranchCoverageBitString,ExceptionCoverage,ExceptionCoverageBitString,Explicit_MethodExceptions,Explicit_TypeExceptions,Implicit_MethodExceptions,Implicit_TypeExceptions,WeakMutationScore,WeakMutationCoverageBitString,OutputCoverage,OutputCoverageBitString,MethodCoverage,MethodCoverageBitString,MethodNoExceptionCoverage,MethodNoExceptionCoverageBitString,CBranchCoverage,CBranchCoverageBitString
org.spdx.rdfparser.license.ListedLicenses,default,LINE;BRANCH;EXCEPTION;WEAKMUTATION;OUTPUT;METHOD;METHODNOEXCEPTION;CBRANCH,1,BUDGET,100,0.3,2,9,19,124021,1668239589663,0.2613240418118467,11111111111110100000000000000100000000000000000000000000000000000000000000000000000000000000000000000000000000000000000000000000000000000000000000000000000000111111000000011111111111000000110000000000011111000100000110111111000001100011111111011111110001100100000111011011000000000000000,0.11392405063291139,00000000001000000000100010000000000101000000000000000000000000000000000000000000000000000000000000010101100010001110110000010000000010100000000000000000000000,1.0,1111111,6,3,0,0,0.178125,11000000000000000000000000000000000000000000000000000000000000000000000000000000000000000000000000000000000000000000000111111111111001111111111111110111111111101111111111011000000000000110001000000000000110100000000000000000000000000000000000000000000000000000000000000000000000000000000000000000000000000000000000000000,0.017857142857142856,00000000000000000000000000000000000000000010000000000000,0.16666666666666666,000000000010100010,0.05555555555555555,000000000000100000,0.11392405063291139,00000000000000100000100010000000001001000000000000000000000000000000000000000000000000000000000000010010110001001101111000000000000001000100000000000000000000
