TARGET_CLASS,configuration_id,criterion,ctg_min_time_per_job,ctg_schedule,search_budget,p_object_pool,ctg_time_per_class,Size,Length,Total_Time,Random_Seed,LineCoverage,LineCoverageBitString,BranchCoverage,BranchCoverageBitString,ExceptionCoverage,ExceptionCoverageBitString,Explicit_MethodExceptions,Explicit_TypeExceptions,Implicit_MethodExceptions,Implicit_TypeExceptions,WeakMutationScore,WeakMutationCoverageBitString,OutputCoverage,OutputCoverageBitString,MethodCoverage,MethodCoverageBitString,MethodNoExceptionCoverage,MethodNoExceptionCoverageBitString,CBranchCoverage,CBranchCoverageBitString
org.spdx.spdxspreadsheet.OriginsSheetV1d1,default,LINE;BRANCH;EXCEPTION;WEAKMUTATION;OUTPUT;METHOD;METHODNOEXCEPTION;CBRANCH,1,BUDGET,67,0.3,2,61,238,103866,1668243011871,0.7532467532467533,1110000000000000000000000000000000111111111111111111111111111111111111111111111111111111111111111111111111111111111111111110001111111111111011111111101100,0.7575757575757576,111111111111111111111111111111111010110110111010111011000111111011111110111111111111111000000000000,0.9583333333333334,111110111111111111111111,4,1,19,2,0.9177939646201873,1111111111111111110111111011111111111111111111111111111101111111111111111101101111111111100111111111111111111110000000000000000000011111111111111111111111100111111111111111111111111111111111010111111111111111111111111111111111111111100100111111111111111110111011111111111111111111111111111110111111111111111111111111111111111111111111111111111111011111111111111111111111111111101011111111111111111111111111111111111111111111111111111111111111111111111111111111111111111111111111111111111111101111110111111111111111111111111111011111111111111111111111111111111111111111111111111110101111110111111111111111111111111111111111011111101111111111111111111111111111111111111111111111111111111111111111111111111111110111111011111111111111111111111111111111111110111111011111111111111111111111111111111111110111111111111111111111111111111111111111111111111111110111111111111111111110111111011111111111111111111111111111111111111111111111111111111000000000000000000000011,0.4878048780487805,00101110001001100001100001100111001111011,1.0,111111111111111111111111111111,0.9666666666666667,101111111111111111111111111111,0.7575757575757576,111111111111111111111111111111111010110111110010111011000111111011111111011111111111111000000000000
